{
    "$schema": "https://schema.management.azure.com/schemas/2015-01-01/deploymentParameters.json#",
    "contentVersion": "1.0.0.0",
    "parameters": {
        "projectCode": {
            "value": "fillcorrectvalue"
        },
        "functionCode": {
            "value": "fillcorrectvalue"
        },
        "environmentCode": {
            "value": "fillcorrectvalue"
        },
        "workspaceId": {
            "value": "fillcorrectvalue"
        },
        "logsRetentionDays": {
            "value": 90
        },
        "redisCachePool": {
            "value": "1"
        },
        "vnetRgName": {
            "value": [
                "fillcorrectvalue",      
                "fillcorrectvalue"
            ]
        },
        "vnetName": {
            "value": [
                "fillcorrectvalue",
                "fillcorrectvalue"
            ]
        },
        "vnetSubnetName": {
            "value": [
                "fillcorrectvalue",
                "fillcorrectvalue"
            ]
        }
    }
}
