{
    "$schema": "https://schema.management.azure.com/schemas/2015-01-01/deploymentTemplate.json#",
    "contentVersion": "1.0.0.0",
    "parameters": {
        "functionCode": {
            "type": "string",
            "metadata": {
                "description": "The function 3 digits code"
            },
            "allowedValues": [
                "con"
            ]
        },
        "projectCode": {
            "type": "string",
            "metadata": {
                "description": "The project 3 digits code"
            }
        },
        "environmentCode": {
            "type": "string",
            "metadata": {
                "description": "The environment 3 digits code"
            },
            "allowedValues": [
                "dev",
                "qas",
                "loa",
                "stg",
                "prd",
                "bcp"
            ]
        },
        "workspaceId": {
            "type": "string",
            "metadata": {
                "description": "Log Analytics workspace ID for the Log Analytics workspace to which logs will be sent."
            }
        },
        "logsRetentionDays": {
            "type": "int",
            "defaultValue": 0,
            "metadata": {
                "description": "Defines the number of logs retention days"
            }
        },
        "redisCachePool": {
            "type": "string",
            "defaultValue": 1,
            "allowedValues": [
                "1",
                "2",
                "3"
            ],
            "metadata": {
                "description": "Defines the level of Premium tier for Redis Cache."
            }
        },
        "vnetRgName": {
          "type": "array",
          "metadata": {
            "description": "The Resource Group that contains the Redis Cache VNET"
          }
        },
        "vnetName": {
          "type": "array",
          "metadata": {
            "description": "The VNET that contains the subnet used by the Redis Cache"
          }
        },
        "vnetSubnetName": {
          "type": "array",
          "metadata": {
            "description": "The Subnet used by Redis Cache"
          }
        }
    },
    "variables": {
        "environment": {
            "dev": {
                "char": "d",
                "subscription": "preprod",
                "bcpLoop": 1
            },
            "qas": {
                "char": "q",
                "subscription": "preprod",
                "bcpLoop": 1
            },
            "stg": {
                "char": "s",
                "subscription": "prod",
                "bcpLoop": 1
            },
            "prd": {
                "char": "",
                "subscription": "prod",
                "bcpLoop": 1
            }
        },
        "environmentVariable": "[variables('environment')[parameters('environmentCode')]]",
        "redisCache": {
            "name": [
                "[concat('redis-prod-', parameters('environmentCode'))]"
            ],
            "subnet": "[parameters('vnetSubnetName')]",
            "location": [
                "East US"
            ],
            "skuCapacity": "[parameters('redisCachePool')]"
        },
        "logsRetentionEnabled": "[if(equals(parameters('logsRetentionDays'), 0), 'False', 'True')]"
    },
    "resources": [
        {
            "type": "Microsoft.Cache/Redis",
            "apiVersion": "2017-10-01",
            "name": "[variables('redisCache').name[copyIndex()]]",
            "location": "[variables('redisCache').location[copyIndex()]]",
            "properties": {
                "enableNonSslPort": false,
                "shardCount": 1,
                "sku": {
                    "capacity": "[variables('redisCache').skuCapacity]",
                    "family": "P",
                    "name": "Premium"
                },
                "subnetID": "[variables('redisCache').subnet[copyIndex()]]"
            },
            "resources": [
                {
                    "type": "providers/diagnosticSettings",
                    "name": "[concat('Microsoft.Insights/', 'service')]",
                    "dependsOn": [
                        "[resourceId('Microsoft.Cache/Redis', variables('redisCache').name[copyIndex()])]"
                    ],
                    "apiVersion": "2017-05-01-preview",
                    "properties": {
                        "name": "service",
                        "workspaceId": "[parameters('workspaceId')]",
                        "metrics": [
                            {
                                "category": "AllMetrics",
                                "enabled": "True",
                                "retentionPolicy": {
                                    "days": "[parameters('logsRetentionDays')]",
                                    "enabled": "[variables('logsRetentionEnabled')]"
                                }
                            }
                        ]
                    }
                }
            ],
            "copy": {
                "name": "redisCacheBcpLoop",
                "count": "[variables('environmentVariable').bcpLoop]"
            }
        }
    ],
    "outputs": {}
}