{
    "$schema": "https://schema.management.azure.com/schemas/2015-01-01/deploymentParameters.json#",
    "contentVersion": "1.0.0.0",
    "parameters": {
        "projectCode": {
            "value": "fillcorrectvalue"
        },
        "functionCode": {
            "value": "fillcorrectvalue"
        },
          "ASEName": {
      "value": "fillcorrectvalue"
    },
    "ASERGName": {
      "value": "fillcorrectvalue"
    },
        "environmentCode": {
            "value": "fillcorrectvalue"
        },
        "app1HostNameAlias": {
            "value": "fillcorrectvalue"
        },
        "workerPool": {
            "value": "1v2"
        },
        "sharedKeyVaultId": {
      "value": "fillcorrectvalue"
        },
        "workspaceId": {
      "value": "fillcorrectvalue"
        },
        "logsRetentionDays": {
            "value": 90
        }
    }
}
