{
	"$schema": "https://schema.management.azure.com/schemas/2015-01-01/deploymentTemplate.json#",
	"contentVersion": "1.0.0.0",
	"parameters": {
		"functionCode": {
			"type": "string",
			"metadata": {
				"description": "The function 3 digits code"
			},
			"allowedValues": [
				"con"
			]
		},
		"projectCode": {
			"type": "string",
			"metadata": {
				"description": "The project 3 digits code"
			}
		},
        "sourceurl": {
			"type": "string",
			"metadata": {
				"description": "The source url"
			}
		},
        "destinationurl": {
			"type": "string",
			"metadata": {
				"description": "The destinationurl "
			}
		},
            "originname": {
			"type": "string",
			"metadata": {
				"description": "The originname "
			}
		},
		"environmentCode": {
			"type": "string",
			"metadata": {
				"description": "The environment 3 digits code"
			},
			"allowedValues": [
				"dev",
				"qas",
				"loa",
				"stg",
				"prd",
				"bcp"
			]
		},
		"CdnSkuType": {
			"type": "string",
			"defaultValue": "Standard_Verizon",
			"allowedValues": [
				"Standard_Verizon",
				"Premium_Verizon",
				"Standard_Microsoft"
			],
			"metadata": {
				"description": "The availablity and pricing tier of cdn"
			}
		}


	},
	"variables": {
		"environment": {
			"dev": {
				"char": "d",
				"subscription": "preprod",
				"bcpLoop": 1,
				"cert": "preprod"
			},
			"qas": {
				"char": "q",
				"subscription": "preprod",
				"bcpLoop": 1,
				"cert": "preprod"
			},
			"loa": {
				"char": "l",
				"subscription": "preprod",
				"bcpLoop": 1,
				"cert": "preprod"
			},
			"stg": {
				"char": "s",
				"subscription": "prod",
				"bcpLoop": 1,
				"cert": "stg"
			},
			"prd": {
				"char": "",
				"subscription": "prod",
				"bcpLoop": 1,
				"cert": "prod"
			},
			"bcp": {
				"char": "",
				"subscription": "prod",
				"bcpLoop": 2,
				"cert": "prod"
			}
		},
		"function": {
			"con": {
				"fullname": "devtest-fn"
			}
		},
		"environmentVariable": "[variables('environment')[parameters('environmentCode')]]",

		"location": [
			"East Asia",
			"West US"
		],
		"profileName": "[concat(variables('environmentVariable').char,'digiprint-poc')]",
		"endpointName": "[concat(variables('environmentVariable').char,'digiprint-end')]"
	},
	"resources": [{
			"type": "Microsoft.Cdn/profiles",
			"name": "[variables('profileName')]",
			"location": "[resourceGroup().location]",
			"apiVersion": "2016-04-02",
			"tags": {
				"displayName": "[variables('profileName')]"
			},
			"sku": {
				"name": "[parameters('CdnSkuType')]"
			},
			"kind": "cdn",
			"properties": {
			}
		}
	],
	"outputs": {}
}