{
  "$schema": "https://schema.management.azure.com/schemas/2015-01-01/deploymentParameters.json#",
  "contentVersion": "1.0.0.0",
	"parameters": {
		"projectCode": {
			"value": "fillcorrectvalue"
		},
		"functionCode": {
			"value": "fillcorrectvalue"
		},
		"environmentCode": {
			"value": "prd"
		},
        "sourceurl": {
        	"value": "fillcorrectvalue"
        },
        "destinationurl": {
        	"value": "fillcorrectvalue"
        },
        "originname": {
        	"value": "fillcorrectvalue"
        },

		"CdnSkuType": {
			"value": "Standard_Microsoft"
		}
		}
	}