{
    "$schema": "https://schema.management.azure.com/schemas/2015-01-01/deploymentTemplate.json#",
    "contentVersion": "1.0.0.0",
    "parameters": {
        "functionCode": {
            "type": "string",
            "metadata": {
                "description": "The function 3 digits code"
            },
            "allowedValues": [
                "con"
            ]
        },
        "projectCode": {
            "type": "string",
            "metadata": {
                "description": "The project code"
            }
        },
        "secretsKvName": {
            "type": "string",
            "metadata": {
                "description": "The Secrete Key Valut Name"
            }
        },
        "configKvName": {
            "type": "string",
            "metadata": {
                "description": "The Config Key Valut Name"
            }
        },
        "environmentCode": {
            "type": "string",
            "metadata": {
                "description": "The environment 3 digits code"
            },
            "allowedValues": [
                "dev",
                "qas",
                "stg",
                "prd",
                "bcp"
            ]
        },
        "secretsKeyVaultAccessPolicies": {
            "type": "array",
            "defaultValue": "{}",
            "metadata": {
                "description": "Access policies object {\"tenantId\":\"\",\"objectId\":\"\",\"permissions\":{\"keys\":[\"\"],\"secrets\":[\"\"]}}"
            }
        },
        "configKeyVaultAccessPolicies": {
            "type": "array",
            "defaultValue": "{}",
            "metadata": {
                "description": "Access policies object {\"tenantId\":\"\",\"objectId\":\"\",\"permissions\":{\"keys\":[\"\"],\"secrets\":[\"\"]}}"
            }
        },
        "workspaceId": {
            "type": "string",
            "metadata": {
                "description": "Log Analytics workspace ID for the Log Analytics workspace to which logs will be sent."
            }
        },
        "logsRetentionDays": {
            "type": "int",
            "defaultValue": 0,
            "metadata": {
                "description": "Defines the number of log retention days"
            }
        },
        "configSecretsObject": {
            "type": "secureObject",
            "defaultValue": "{}",
            "metadata": {
                "description": "Specifies all secrets {\"secretName\":\"\",\"secretValue\":\"\"} wrapped in a secure object."
            }
        }
    },
    "variables": {
        "environment": {
            "dev": {
                "char": "d"
            },
            "qas": {
                "char": "q"
            },
            "loa": {
                "char": "l"
            },
            "stg": {
                "char": "s"
            },
            "prd": {
                "char": ""
            },
            "bcp": {
                "char": ""
            }
        },
        "environmentVariable": "[variables('environment')[parameters('environmentCode')]]",
        "keyVault": {
            "secretsKv": {
                "name": "[parameters('secretsKvName')]"
            },
            "configKv": {
                "name": "[parameters('configKvName')]"
            }
        },
        "logsRetentionEnabled": "[if(equals(parameters('logsRetentionDays'), 0), 'False', 'True')]"
    },
    "resources": [
        {
            "type": "Microsoft.KeyVault/vaults",
            "name": "[variables('keyVault').secretsKv.name]",
            "apiVersion": "2016-10-01",
            "location": "[resourceGroup().location]",
            "properties": {
                "tenantId": "[subscription().tenantId]",
                "sku": {
                    "family": "A",
                    "name": "Premium"
                },
                "accessPolicies": "[parameters('secretsKeyVaultAccessPolicies')]",
                "enabledForDeployment": false,
                "enabledForDiskEncryption": false,
                "enabledForTemplateDeployment": true,
                "createMode": "default"
            },
            "resources": [
                {
                    "type": "providers/diagnosticSettings",
                    "name": "[concat('Microsoft.Insights/', 'service')]",
                    "dependsOn": [
                        "[resourceId('Microsoft.KeyVault/vaults', variables('keyVault').secretsKv.name)]"
                    ],
                    "apiVersion": "2017-05-01-preview",
                    "properties": {
                        "name": "service",
                        "workspaceId": "[parameters('workspaceId')]",
                        "logs": [
                            {
                                "category": "AuditEvent",
                                "enabled": "True",
                                "retentionPolicy": {
                                    "days": "[parameters('logsRetentionDays')]",
                                    "enabled": "[variables('logsRetentionEnabled')]"
                                }
                            }
                        ],
                        "metrics": [
                            {
                                "category": "AllMetrics",
                                "enabled": "True",
                                "retentionPolicy": {
                                    "days": "[parameters('logsRetentionDays')]",
                                    "enabled": "[variables('logsRetentionEnabled')]"
                                }
                            }
                        ]
                    }
                }
            ]
        },
        {
            "type": "Microsoft.KeyVault/vaults",
            "name": "[variables('keyVault').configKv.name]",
            "apiVersion": "2016-10-01",
            "location": "[resourceGroup().location]",
            "properties": {
                "tenantId": "[subscription().tenantId]",
                "sku": {
                    "family": "A",
                    "name": "Premium"
                },
                "accessPolicies": "[parameters('configKeyVaultAccessPolicies')]",
                "enabledForDeployment": false,
                "enabledForDiskEncryption": false,
                "enabledForTemplateDeployment": true,
                "createMode": "default"
            },
            "resources": [
                {
                    "type": "providers/diagnosticSettings",
                    "name": "[concat('Microsoft.Insights/', 'service')]",
                    "dependsOn": [
                        "[resourceId('Microsoft.KeyVault/vaults', variables('keyVault').configKv.name)]"
                    ],
                    "apiVersion": "2017-05-01-preview",
                    "properties": {
                        "name": "service",
                        "workspaceId": "[parameters('workspaceId')]",
                        "logs": [
                            {
                                "category": "AuditEvent",
                                "enabled": "True",
                                "retentionPolicy": {
                                    "days": "[parameters('logsRetentionDays')]",
                                    "enabled": "[variables('logsRetentionEnabled')]"
                                }
                            }
                        ],
                        "metrics": [
                            {
                                "category": "AllMetrics",
                                "enabled": "True",
                                "retentionPolicy": {
                                    "days": "[parameters('logsRetentionDays')]",
                                    "enabled": "[variables('logsRetentionEnabled')]"
                                }
                            }
                        ]
                    }
                }
            ]
        },
        {
            "type": "Microsoft.KeyVault/vaults/secrets",
            "name": "[concat(variables('keyVault').configKv.name, '/', parameters('configSecretsObject').secrets[copyIndex()].secretName)]",
            "apiVersion": "2018-02-14",
            "dependsOn": [
                "[concat('Microsoft.KeyVault/vaults/', variables('keyVault').configKv.name)]"
            ],
            "copy": {
                "name": "secretsCopy",
                "count": "[length(parameters('configSecretsObject').secrets)]"
            },
            "properties": {
                "value": "[parameters('configSecretsObject').secrets[copyIndex()].secretValue]"
            }
        }
    ],
    "outputs": {
        "secretsKeyVaultName": {
            "type": "string",
            "value": "[substring(reference(variables('keyVault').secretsKv.name).vaultUri, indexOf(reference(variables('keyVault').secretsKv.name).vaultUri, variables('keyVault').secretsKv.name), length(variables('keyVault').secretsKv.name))]"
        },
        "configKeyVaultName": {
            "type": "string",
            "value": "[substring(reference(variables('keyVault').configKv.name).vaultUri, indexOf(reference(variables('keyVault').configKv.name).vaultUri, variables('keyVault').configKv.name), length(variables('keyVault').configKv.name))]"
        },
        "secretsKeyVaultDnsName": {
            "type": "string",
            "value": "[reference(variables('keyVault').secretsKv.name).vaultUri]"
        },
        "configKeyVaultDnsName": {
            "type": "string",
            "value": "[reference(variables('keyVault').configKv.name).vaultUri]"
        }
    }
}