{
    "$schema": "https://schema.management.azure.com/schemas/2015-01-01/deploymentParameters.json#",
    "contentVersion": "1.0.0.0",
    "parameters": {
        "projectCode": {
            "value": "digiprint"
        },
        "functionCode": {
            "value": "con"
        },
        "environmentCode": {
            "value": "dev"
        },
        "workspaceId": {
            "value": "5ea18894-430b-45cd-a5a6-74a9e1f7f892"
        },
        "logsRetentionDays": {
            "value": 90
        },
        "configSecretsObject": {
            "value": {  
                "secrets": [
                    {
                        "secretName": "test",
                        "secretValue": "testvalue"
                    }
                ]
            }
        },
        "secretsKeyVaultAccessPolicies": {
            "value": [               
                {
                    "tenantId": "d4ad9cd5-038c-4a49-8d13-9cddda13a40d",
                    "objectId": "0e37074c-5517-415c-9ecc-04f9fe7e937b",
                    "permissions": {
                        "keys": [],
                        "secrets": [
                            "get",
                            "list"
                        ]
                    }
                }
            ]
        },
        "configKeyVaultAccessPolicies": {
            "value": [
                   
                {
                    "tenantId": "d4ad9cd5-038c-4a49-8d13-9cddda13a40d",
                    "objectId": "0e37074c-5517-415c-9ecc-04f9fe7e937b",
                    "permissions": {
                        "keys": [],
                        "secrets": [
                            "get",
                            "list"
                        ]                                             
                    }
                }
            ]
        }
    }
}