{
    "$schema": "https://schema.management.azure.com/schemas/2015-01-01/deploymentTemplate.json#",
    "contentVersion": "1.0.0.0",
    "parameters": {
        "functionCode": {
            "type": "string",
            "metadata": {
                "description": "The function 3 digits code"
            },
            "allowedValues": [
                "con"
            ]
        },
        "ASEName": {
         "type": "string",
         "metadata": {
        "description": "provide the ase name"
      }
    },
    "ASERGName": {
      "type": "string",
      "metadata": {
        "description": "provide the ase resource group name"
      }
    },
        "projectCode": {
            "type": "string",
            "metadata": {
                "description": "The project 3 digits code"
            }
        },
        "environmentCode": {
            "type": "string",
            "metadata": {
                "description": "The environment 3 digits code"
            },
            "allowedValues": [
                "dev",
                "qas",
                "stg",
                "prd",
                "bcp"
            ]
        },
        "app1HostNameAlias": {
            "type": "string",
            "metadata": {
                "description": "Alternate hostname for the primary webapp"
            }
        },
        "sharedKeyVaultId": {
            "type": "string",
            "metadata": {
                "description": "The Key Vault used for the project"
            }
        },
        "workerPool": {
            "type": "string",
            "allowedValues": [
                "1",
                "2",
                "3"
            ],
            "defaultValue": 0,
            "metadata": {
                "description": "Defines which worker pool's (WP1, WP2 or WP3) resources will be used for the app service plan."
            }
        },
        "workerPool2": {
            "type": "string",
            "allowedValues": [
                "1",
                "2",
                "3"
            ],
            "defaultValue": "1",
            "metadata": {
                "description": "Defines which worker pool's (WP1, WP2 or WP3) resources will be used for the app service plan."
            }
        },
        "numberOfWorkersFromWorkerPool": {
            "type": "int",
            "defaultValue": 1,
            "metadata": {
                "description": "Defines the number of workers from the worker pool that will be used by the app service plan."
            }
        },
        "workspaceId": {
            "type": "string",
            "metadata": {
                "description": "Log Analytics workspace ID for the Log Analytics workspace to which logs will be sent."
            }
        },
        "logsRetentionDays": {
            "type": "int",
            "defaultValue": 0,
            "metadata": {
                "description": "Defines the number of logs retention days"
            }
        }
    },
    "variables": {
        "environment": {
            "dev": {
                "char": "d",
                "subscription": "preprod",
                "bcpLoop": 1,
                "cert": "preprod",
                "trafficManagerUSProfile": "False",
                "trafficManagerGeoProfile": "False",
                "deployBcp": "False"
            },
            "qas": {
                "char": "q",
                "subscription": "preprod",
                "bcpLoop": 1,
                "cert": "preprod",
                "trafficManagerUSProfile": "False",
                "trafficManagerGeoProfile": "False",
                "deployBcp": "False"
            },
            "stg": {
                "char": "s",
                "subscription": "prod",
                "bcpLoop": 1,
                "cert": "stg",
                "trafficManagerUSProfile": "True",
                "trafficManagerGeoProfile": "False",
                "deployBcp": "False"
            },
            "prd": {
                "char": "",
                "subscription": "prod",
                "bcpLoop": 1,
                "cert": "prod",
                "trafficManagerUSProfile": "True",
                "trafficManagerGeoProfile": "True",
                "deployBcp": "False"
            },
            "bcp": {
                "char": "",
                "subscription": "prod",
                "bcpLoop": 2,
                "jobbcpLoop": 6,
                "cert": "prod",
                "trafficManagerUSProfile": "False",
                "trafficManagerGeoProfile": "False",
                "deployBcp": "True"
            }
        },
        "function": {
            "con": {
                "fullname": "consulting"
            }
        },
        "environmentVariable": "[variables('environment')[parameters('environmentCode')]]",
        "functionVariable": "[variables('function')[parameters('functionCode')]]",
        "trafficManagerGeoDnsName": "[concat(variables('environmentVariable').char, parameters('projectCode'), 'api-storefront-geo-deloitte')]",
        "trafficManagerUsDnsName": "[concat(variables('environmentVariable').char, parameters('projectCode'), 'api-storefront-us-deloitte')]",
        "appServiceEnvironmentName": "[parameters('ASEName')]",
        "appServiceEnvironmentRgName": "[parameters('ASERGName')]",
        "appInsights": {
            "webApp": {
                "name": "[concat(variables('environmentVariable').char, 'digiprintapi')]"
            }
        },
        "location": [
            "East US",
            "West US"
        ],
        "webApp": {
            "name": [
                "[concat(variables('environmentVariable').char, parameters('projectCode'),'api-eus')]",
                "[concat(variables('environmentVariable').char, parameters('projectCode'),'api-wus')]"
            ],
            "servicePlan": [
                "[concat(variables('environmentVariable').char, parameters('projectCode'),'web-eus-plan')]",
                "[concat(variables('environmentVariable').char, parameters('projectCode'),'web-wus-plan')]"
            ],
            "certName": [
                "[concat(parameters('functionCode'), parameters('projectCode'), variables('environmentVariable').cert, '-appcert-eus')]",
                "[concat(parameters('functionCode'),parameters('projectCode'), variables('environmentVariable').cert, '-appcert-wus')]"
            ],
            "certKeyVaultSecretNameProd": [
                "[concat(parameters('functionCode'), parameters('projectCode'),'-',variables('environmentVariable').cert, '-appcert')]",
                "[concat(parameters('functionCode'), parameters('projectCode'),'-', variables('environmentVariable').cert, '-appcert')]"
            ],
            "certKeyVaultSecretNamePreProd": [
                "[concat(parameters('functionCode'), parameters('projectCode'), '-', variables('environmentVariable').cert, '-appcert')]",
                "[concat(parameters('functionCode'),parameters('projectCode'), '-', variables('environmentVariable').cert, '-appcert')]"
            ],
            "hostName": [
                "[concat(variables('environmentVariable').char, parameters('projectCode'),'api-eus', '.storefront.app.deloitte.com')]",
                "[concat(variables('environmentVariable').char, parameters('projectCode'),'api-wus', '.storefront.app.deloitte.com')]"
            ],            
            "location": "[variables('location')]"
        },    
        
        "logsRetentionEnabled": "[if(equals(parameters('logsRetentionDays'), 0), 'False', 'True')]"
    },
    "resources": [
        {
            "apiVersion": "2014-04-01",
            "name": "[variables('appInsights').webApp.name]",
            "type": "Microsoft.Insights/components",
            "location": "[resourceGroup().location]",
            "properties": {
                "applicationId": "[variables('appInsights').webApp.name]"
            },
            "dependsOn": [],
            "resources": [                
                {
                    "type": "providers/diagnosticSettings",
                    "name": "[concat('Microsoft.Insights/', 'service')]",
                    "dependsOn": [
                        "[resourceId('Microsoft.Insights/components', variables('appInsights').webApp.name)]"
                    ],
                    "apiVersion": "2017-05-01-preview",
                    "properties": {
                        "name": "service",
                        "workspaceId": "[parameters('workspaceId')]",
                        "metrics": [
                            {
                                "category": "AllMetrics",
                                "enabled": "True",
                                "retentionPolicy": {
                                    "days": "[parameters('logsRetentionDays')]",
                                    "enabled": "[variables('logsRetentionEnabled')]"
                                }
                            }
                        ]
                    }
                }
            ]
        },
        {
            "type": "Microsoft.Web/serverfarms",
            "apiVersion": "2016-09-01",
            "name": "[variables('webApp').servicePlan[copyIndex()]]",
            "location": "[variables('webApp').location[copyIndex()]]",
            "properties": {
                "name": "[variables('webApp').servicePlan[copyIndex()]]",
                "hostingEnvironmentProfile": {
                    "id": "[resourceId(variables('appServiceEnvironmentRgName'),'Microsoft.Web/hostingEnvironments',variables('appServiceEnvironmentName'))]"
                }
            },
            "sku": {
                "name": "[concat('I1v',parameters('workerPool'))]",
                "tier": "IsolatedV2",
                "size": "[concat('I1v',parameters('workerPool'))]",
                "family": "Iv2",
                "capacity": "[parameters('numberOfWorkersFromWorkerPool')]"
            },
            "copy": {
                "name": "app1ServicePlanBcpLoop",
                "count": "[variables('environmentVariable').bcpLoop]"
            },
            "dependsOn": [
                "[concat('Microsoft.Insights/components/',variables('appInsights').webApp.name)]"
            ],
            "resources": [
                {
                    "type": "providers/diagnosticSettings",
                    "name": "[concat('Microsoft.Insights/', 'service')]",
                    "dependsOn": [
                        "[resourceId('Microsoft.Web/serverfarms', variables('webApp').servicePlan[copyIndex()])]"
                    ],
                    "apiVersion": "2017-05-01-preview",
                    "properties": {
                        "name": "service",
                        "workspaceId": "[parameters('workspaceId')]",
                        "metrics": [
                            {
                                "category": "AllMetrics",
                                "enabled": "True",
                                "retentionPolicy": {
                                    "days": "[parameters('logsRetentionDays')]",
                                    "enabled": "[variables('logsRetentionEnabled')]"
                                }
                            }
                        ]
                    }
                }
            ]
        },
        {
            "type": "Microsoft.Web/certificates",
            "apiVersion": "2016-03-01",
            "name": "[variables('webApp').certName[copyIndex()]]",
            "location": "[variables('webApp').location[copyIndex()]]",
            "properties": {
                "keyVaultId": "[parameters('sharedKeyVaultId')]",
                "keyVaultSecretName": "[if(equals(variables('environmentVariable').subscription, 'preprod'), variables('webApp').certKeyVaultSecretNamePreProd[copyIndex()], variables('webApp').certKeyVaultSecretNameProd[copyIndex()])]",
                "serverFarmId": "[resourceId('Microsoft.Web/serverfarms', variables('webApp').servicePlan[copyIndex()])]"
            },
            "dependsOn": [
                "[concat('Microsoft.Web/serverFarms/',variables('webApp').servicePlan[copyIndex()])]"
            ],
            "copy": {
                "name": "app1CertBcpLoop",
                "count": "[variables('environmentVariable').bcpLoop]"
            }
        },
        {
            "type": "Microsoft.Web/sites",
            "apiVersion": "2016-08-01",
            "name": "[variables('webApp').name[copyIndex()]]",
            "location": "[variables('webApp').location[copyIndex()]]",
            "identity": {
                "type": "SystemAssigned"
            },
            "properties": {
                "name": "[variables('webApp').name[copyIndex()]]",
                "serverFarmId": "[resourceId('Microsoft.Web/serverFarms',variables('webApp').servicePlan[copyIndex()])]",
                "hostingEnvironmentProfile": {
                    "id": "[resourceId(variables('appServiceEnvironmentRgName'),'Microsoft.Web/hostingEnvironments',variables('appServiceEnvironmentName'))]"
                },
                "siteConfig": {
                    "netFrameworkVersion": "v6.0",
                    "phpVersion": "",
                    "pythonVersion": "",
                    "javaVersion": "",
                    "nodeVersion": "",
                    "linuxFxVersion": "",
                    "use32BitWorkerProcess": "False",
                    "webSocketsEnabled": "True",
                    "alwaysOn": "True",
                    "managedPipelineMode": "Integrated",
                    "remoteDebuggingEnabled": "False",
                    "appSettings": [
                        {
                            "name": "APPINSIGHTS_INSTRUMENTATIONKEY",
                            "value": "[reference(concat('microsoft.insights/components/', variables('appInsights').webApp.name)).InstrumentationKey]"
                        }
                    ],
                    "connectionStrings": [],
                    "defaultDocuments": [],
                    "handlerMappings": [],
                    "virtualApplications": [
                        {
                            "virtualPath": "/",
                            "physicalPath": "site\\wwwroot",
                            "preloadEnabled": "True",
                            "virtualDirectories": ""
                        }
                    ]
                },
                "clientAffinityEnabled": "False",
                "siteAuthEnabled": "False",
                "managedServiceIdentityId": "",
                "httpsOnly": "True",
                "push": "",
                "localMySqlEnabled": "False",
                "apiDefinition": "",
                "cors": ""
            },
            "resources": [               
                {
                    "type": "providers/diagnosticSettings",
                    "name": "[concat('Microsoft.Insights/', 'service')]",
                    "dependsOn": [
                        "[resourceId('Microsoft.Web/sites', variables('webApp').name[copyIndex()])]"
                    ],
                    "apiVersion": "2017-05-01-preview",
                    "properties": {
                        "name": "service",
                        "workspaceId": "[parameters('workspaceId')]",
                        "metrics": [
                            {
                                "category": "AllMetrics",
                                "enabled": "True",
                                "retentionPolicy": {
                                    "days": "[parameters('logsRetentionDays')]",
                                    "enabled": "[variables('logsRetentionEnabled')]"
                                }
                            }
                        ]
                    }
                }
            ],
            "dependsOn": [
                "[concat('Microsoft.Web/serverFarms/',variables('webApp').servicePlan[copyIndex()])]",
                "[concat('Microsoft.Web/certificates/', variables('webApp').certName[copyIndex()])]"
            ],
            "copy": {
                "name": "app1BcpLoop",
                "count": "[variables('environmentVariable').bcpLoop]"
            }
        },
        {
            "type": "Microsoft.Web/sites/hostNameBindings",
            "apiVersion": "2016-08-01",
            "name": "[concat(variables('webApp').name[copyIndex()], '/', parameters('app1HostNameAlias'))]",            
            "location": "[variables('webApp').location[copyIndex()]]",
            "properties": {
                "siteName": "[variables('webApp').name[copyIndex()]]",
                "hostNameType": "Verified",
                "sslState": "SniEnabled",
                "thumbprint": "[reference(resourceId('Microsoft.Web/certificates', variables('webApp').certName[copyIndex()])).Thumbprint]"
            },
            "dependsOn": [
                "[concat('Microsoft.Web/sites/', variables('webApp').name[copyIndex()])]",
                 "[concat('Microsoft.Web/sites/', variables('webApp').name[copyIndex()], '/hostNameBindings/', variables('webApp').hostName[copyIndex()])]"
            ],
            "copy": {
                "name": "app1BindingBcpLoop",
                "count": "[variables('environmentVariable').bcpLoop]"
            }
        },
        {
            "type": "Microsoft.Network/trafficManagerProfiles",
            "apiVersion": "2018-04-01",
            "name": "[variables('trafficManagerUsDnsName')]",
            "condition": "[equals(variables('environmentVariable').trafficManagerUsProfile,'True')]",
            "location": "global",
            "dependsOn": [],
            "properties": {
                "profileStatus": "Enabled",
                "trafficRoutingMethod": "Priority",
                "dnsConfig": {
                    "relativeName": "[variables('trafficManagerUsDnsName')]",
                    "ttl": 30
                },
                "monitorConfig": {
                    "protocol": "HTTPS",
                    "port": 443,
                    "path": "/api/status"
                }
            }
        },
        {
            "type": "Microsoft.Network/trafficManagerProfiles/ExternalEndpoints",
            "apiVersion": "2018-04-01",
            "name": "[concat(variables('trafficManagerUsDnsName'),'/Endpoint',copyIndex())]",
            "condition": "[equals(variables('environmentVariable').subscription,'prod')]",
            "location": "global",
            "properties": {
                "target": "[variables('webApp').hostName[copyIndex()]]",
                "endpointStatus": "Enabled",
                "endpointLocation": "[variables('webApp').location[copyIndex()]]",
                "priority": "[add(copyIndex(), 1)]"
            },
            "dependsOn": [
                "[concat('Microsoft.Network/trafficManagerProfiles/', variables('trafficManagerUsDnsName'))]"
            ],
            "copy": {
                "name": "app1TrafficManagerEndpointsBcpLoop",
                "count": "[variables('environmentVariable').bcpLoop]"
            }
        },
        {
            "type": "Microsoft.Network/trafficManagerProfiles",
            "apiVersion": "2018-04-01",
            "name": "[variables('trafficManagerGeoDnsName')]",
            "condition": "[equals(variables('environmentVariable').trafficManagerGeoProfile,'True')]",
            "location": "global",
            "dependsOn": [],
            "properties": {
                "profileStatus": "Enabled",
                "trafficRoutingMethod": "Geographic",
                "dnsConfig": {
                    "relativeName": "[variables('trafficManagerGeoDnsName')]",
                    "ttl": 60
                },
                "monitorConfig": {
                    "protocol": "HTTPS",
                    "port": 443,
                    "path": "/api/status"
                }
            }
        },
        {
            "type": "Microsoft.Network/trafficManagerProfiles/nestedEndpoints",
            "apiVersion": "2018-04-01",
            "name": "[concat(variables('trafficManagerGeoDnsName'), '/', variables('trafficManagerUsDnsName'))]",
            "condition": "[equals(variables('environmentVariable').trafficManagerGeoProfile,'True')]",
            "location": "global",
            "properties": {
                "targetResourceId": "[resourceId('Microsoft.Network/trafficManagerProfiles', variables('trafficManagerUsDnsName'))]",
                "target": "[variables('trafficManagerUsDnsName')]",
                "geoMapping": [
                    "WORLD"
                ],
                "weight": 1,
                "priority": 1,
                "minChildEndpoints": 1,
                "endpointStatus": "Enabled",
                "endpointMonitorStatus": "Stopped",
                "trafficViewEnrollmentStatus": "Disabled",
                "maxReturn": 0
            },
            "dependsOn": [
                "[concat('Microsoft.Network/trafficManagerProfiles/', variables('trafficManagerGeoDnsName'))]",
                "[concat('Microsoft.Network/trafficManagerProfiles/', variables('trafficManagerUsDnsName'))]"
            ]
        }        
    ],
    "outputs": {
        "appServiceName": {
            "type": "string",
            "value": "[if(equals(parameters('environmentCode'), 'bcp'), variables('webApp').name[1], variables('webApp').name[0])]"
        }
    }
}